#idMarca,nombreMarca,paisOrigen,matricula,modelo,anyo,color,combustible
1,Toyota,Japón,4821JRM,Corolla,2020,Blanco,GASOLINA
1,Toyota,Japón,7354KPT,Yaris,2021,Rojo,GASOLINA
1,Toyota,Japón,1968BWL,Camry,2019,Negro,GASOLINA
1,Toyota,Japón,8243QZN,RAV4,2022,Azul,DIESEL
1,Toyota,Japón,5176HXC,Aygo,2021,Gris,GASOLINA
1,Toyota,Japón,3089MFD,C-HR,2023,Blanco,GASOLINA
1,Toyota,Japón,9412TRG,Prius,2020,Verde,ELECTRICO
1,Toyota,Japón,2754VLB,Hilux,2022,Negro,DIESEL
1,Toyota,Japón,6831YNP,Land Cruiser,2021,Plata,DIESEL
1,Toyota,Japón,1547CKS,Supra,2023,Rojo,GASOLINA
2,Ford,Estados Unidos,8924DQV,Fiesta,2019,Azul,GASOLINA
2,Ford,Estados Unidos,4671MLR,Focus,2020,Blanco,GASOLINA
2,Ford,Estados Unidos,7308XBT,Mondeo,2021,Negro,GASOLINA
2,Ford,Estados Unidos,2145GNH,Kuga,2022,Gris,GASOLINA
2,Ford,Estados Unidos,6589WPK,Puma,2023,Rojo,GASOLINA
2,Ford,Estados Unidos,3712RZF,Mustang,2022,Amarillo,GASOLINA
2,Ford,Estados Unidos,8056JLC,Explorer,2021,Negro,GASOLINA
2,Ford,Estados Unidos,1294VXD,Ranger,2020,Blanco,DIESEL
2,Ford,Estados Unidos,5467BQM,Edge,2019,Azul,GASOLINA
2,Ford,Estados Unidos,9831HTR,Bronco,2023,Verde,GASOLINA
3,Volkswagen,Alemania,2648NWP,Golf,2020,Blanco,GASOLINA
3,Volkswagen,Alemania,7159CKD,Polo,2021,Rojo,GASOLINA
3,Volkswagen,Alemania,4382YLF,Passat,2019,Negro,GASOLINA
3,Volkswagen,Alemania,8705QMJ,Tiguan,2022,Azul,GASOLINA
3,Volkswagen,Alemania,1927RVT,T-Roc,2023,Gris,GASOLINA
3,Volkswagen,Alemania,6543BXP,Touareg,2021,Plata,DIESEL
3,Volkswagen,Alemania,3086HZW,Arteon,2020,Negro,GASOLINA
3,Volkswagen,Alemania,9274LKG,Taigo,2022,Blanco,GASOLINA
3,Volkswagen,Alemania,5813TQN,ID3,2023,Azul,ELECTRICO
3,Volkswagen,Alemania,1468MVC,ID4,2023,Rojo,ELECTRICO
4,BMW,Alemania,7032PKR,Serie 1,2020,Blanco,GASOLINA
4,BMW,Alemania,2589DXL,Serie 2,2021,Negro,GASOLINA
4,BMW,Alemania,8146WGF,Serie 3,2022,Azul,GASOLINA
4,BMW,Alemania,3751JNT,Serie 4,2023,Rojo,GASOLINA
4,BMW,Alemania,6904QBH,Serie 5,2021,Gris,DIESEL
4,BMW,Alemania,1287VZM,X1,2020,Blanco,GASOLINA
4,BMW,Alemania,5472CRP,X3,2022,Negro,GASOLINA
4,BMW,Alemania,9365LTX,X5,2023,Plata,DIESEL
4,BMW,Alemania,2814NQW,X7,2022,Azul,DIESEL
4,BMW,Alemania,7649HKS,Z4,2021,Amarillo,GASOLINA
5,Mercedes,Alemania,3158YDM,Clase A,2020,Negro,GASOLINA
5,Mercedes,Alemania,8427RPL,Clase B,2021,Blanco,GASOLINA
5,Mercedes,Alemania,1963VKT,Clase C,2022,Azul,GASOLINA
5,Mercedes,Alemania,5731BXC,Clase E,2023,Gris,GASOLINA
5,Mercedes,Alemania,9246MQN,Clase S,2021,Plata,DIESEL
5,Mercedes,Alemania,2875JRW,GLA,2022,Rojo,GASOLINA
5,Mercedes,Alemania,6314TZP,GLC,2023,Negro,GASOLINA
5,Mercedes,Alemania,4582DKM,GLE,2021,Blanco,DIESEL
5,Mercedes,Alemania,7059WLF,GLS,2022,Azul,DIESEL
5,Mercedes,Alemania,1738QVB,AMG GT,2023,Amarillo,GASOLINA
6,Renault,Francia,8642NJR,Clio,2020,Rojo,GASOLINA
6,Renault,Francia,2497XMC,Megane,2021,Blanco,GASOLINA
6,Renault,Francia,5184HQT,Captur,2022,Azul,GASOLINA
6,Renault,Francia,7903BLW,Austral,2023,Gris,GASOLINA
6,Renault,Francia,1365RKP,Arkana,2022,Negro,GASOLINA
6,Renault,Francia,6248VFD,Espace,2021,Plata,GASOLINA
6,Renault,Francia,3821YTG,Kangoo,2020,Blanco,DIESEL
6,Renault,Francia,9574CMX,Trafic,2022,Rojo,DIESEL
6,Renault,Francia,4106JQN,Scenic,2021,Azul,GASOLINA
6,Renault,Francia,8753WBR,Twingo,2019,Verde,GASOLINA
7,Seat,España,2438LVM,Ibiza,2020,Blanco,GASOLINA
7,Seat,España,6915QTX,Leon,2021,Rojo,GASOLINA
7,Seat,España,3784BJK,Ateca,2022,Negro,GASOLINA
7,Seat,España,8247RNP,Arona,2023,Azul,GASOLINA
7,Seat,España,1569WGC,Tarraco,2021,Gris,DIESEL
7,Seat,España,7423DML,Toledo,2019,Plata,GASOLINA
7,Seat,España,5081YKR,Alhambra,2020,Negro,DIESEL
7,Seat,España,9376HQT,Cordoba,2018,Blanco,GASOLINA
7,Seat,España,2641VBN,Exeo,2017,Azul,GASOLINA
7,Seat,España,6835PKW,Mii,2021,Rojo,GASOLINA
8,Hyundai,Corea del Sur,3147XLF,i10,2020,Blanco,GASOLINA
8,Hyundai,Corea del Sur,8259RDM,i20,2021,Rojo,GASOLINA
8,Hyundai,Corea del Sur,1763VQP,i30,2022,Azul,GASOLINA
8,Hyundai,Corea del Sur,6942BXT,Tucson,2023,Negro,GASOLINA
8,Hyundai,Corea del Sur,4308JWN,Kona,2022,Gris,GASOLINA
8,Hyundai,Corea del Sur,9581QKG,Santa Fe,2021,Plata,GASOLINA
8,Hyundai,Corea del Sur,2874YMC,Bayon,2023,Blanco,GASOLINA
8,Hyundai,Corea del Sur,7416TRP,Ioniq 5,2023,Azul,ELECTRICO
8,Hyundai,Corea del Sur,5629DVL,Ioniq 6,2023,Rojo,ELECTRICO
8,Hyundai,Corea del Sur,1038HKQ,Staria,2022,Negro,GASOLINA
9,Kia,Corea del Sur,8351WRT,Picanto,2020,Rojo,GASOLINA
9,Kia,Corea del Sur,2746BXM,Rio,2021,Blanco,GASOLINA
9,Kia,Corea del Sur,6183QJP,Ceed,2022,Azul,GASOLINA
9,Kia,Corea del Sur,4927VLG,Sportage,2023,Negro,GASOLINA
9,Kia,Corea del Sur,1578DKT,Niro,2022,Gris,GASOLINA
9,Kia,Corea del Sur,7604YWB,Sorento,2021,Plata,DIESEL
9,Kia,Corea del Sur,3892RMC,Stonic,2023,Rojo,GASOLINA
9,Kia,Corea del Sur,9241HXF,XCeed,2022,Blanco,GASOLINA
9,Kia,Corea del Sur,5468TPN,EV6,2023,Azul,ELECTRICO
9,Kia,Corea del Sur,8137JQV,EV9,2024,Negro,ELECTRICO
10,Peugeot,Francia,2759LKB,208,2020,Amarillo,GASOLINA
10,Peugeot,Francia,6481WMT,308,2021,Blanco,GASOLINA
10,Peugeot,Francia,1934QXR,2008,2022,Rojo,GASOLINA
10,Peugeot,Francia,8702VLP,3008,2023,Azul,DIESEL
10,Peugeot,Francia,5247DJN,5008,2022,Gris,DIESEL
10,Peugeot,Francia,3186HYQ,Rifter,2021,Negro,DIESEL
10,Peugeot,Francia,9563TRW,Traveller,2020,Plata,DIESEL
10,Peugeot,Francia,4812BMC,508,2022,Blanco,GASOLINA
10,Peugeot,Francia,7295XKG,e-208,2023,Azul,ELECTRICO
10,Peugeot,Francia,1648QVT,e-308,2024,Verde,ELECTRICO
