<?xml version="1.0" encoding="UTF-8"?>
<project-private xmlns="http://www.netbeans.org/ns/project-private/1">
    <editor-bookmarks xmlns="http://www.netbeans.org/ns/editor-bookmarks/2" lastBookmarkId="0"/>
    <open-files xmlns="http://www.netbeans.org/ns/projectui-open-files/2">
        <group>
            <file>file:/C:/Users/bvives/Downloads/labs/04-Class_Design/practices/EmployeePractice/src/com/example/EmployeeTest.java</file>
            <file>file:/C:/Users/bvives/Downloads/labs/04-Class_Design/practices/EmployeePractice/src/com/example/domain/Admin.java</file>
            <file>file:/C:/Users/bvives/Downloads/labs/04-Class_Design/practices/EmployeePractice/src/com/example/domain/Employee.java</file>
        </group>
    </open-files>
</project-private>
